"date","keyword","source","link","abstract"
"2026-10-07","drought","Crossref/BMC Plant Biology","https://doi.org/10.1186/s12870-026-09943-3","Abstract Galactinol synthase (GolS) catalyzes the first committed step in raffinose family oligosaccharide (RFO) biosynthesis and is implicated in plant adaptation to abiotic stress. Although GolS gene families have been characterized in several plant species, a comprehensive genome-wide analysis in soybean has been lacking. Here, we identified 25 GmGolS genes in the soybean genome, ranging from 328 to 644 amino acids in length, and characterized their genomic organization, evolutionary history, and stress-responsive expression."
"2026-10-07","climate extremes","Crossref/Community Mental Health Journal","https://doi.org/10.1007/s10597-026-01736-0",""
"2026-10-07","global warming","Crossref/Frontiers in Earth Science","https://doi.org/10.3389/feart.2026.1947485","Wind speed has undergone substantial changes over recent decades, significantly affecting vegetation growth. However, the temporal effect of wind on vegetation productivity remains poorly understood, limiting accurate assessments of wind-vegetation interactions. This study explored the lagged and cumulative effects of wind on vegetation productivity from 2000 to 2024 using multiple datasets."
"2026-10-07","flood","Crossref/Frontiers in Environmental Science","https://doi.org/10.3389/fenvs.2026.1935148","Floods are one of the most common and destructive natural disasters globally, causing significant economic losses and loss of life. In Peru, this problem is particularly critical, affecting nearly 1.51 million people living in flood-prone areas. This study aims to identify and map flood-prone areas in the province of Utcubamba, Amazonas, Peru, using a semi-quantitative approach that integrates the Analytic Hierarchy Process (AHP) with Geographic Information System (GIS) tools and Weighted Linear Combination (WLC)."
"2026-10-07","global warming","Crossref/Frontiers in Environmental Science","https://doi.org/10.3389/fenvs.2026.1958115","Assessing water security requires integrated approaches capable of capturing its multiple dimensions, methodological perspectives, and spatial dependencies. This scoping review examines 170 publications from 2015 to 2026 to identify global trends in water security research, focusing on conceptual dimensions, indicators, methodological approaches, and spatial-scale dependency. Based on the reviewed literature and major international frameworks, water security was organized into five interconnected dimensions: availability and access, water qu..."
"2026-10-07","global warming","Crossref/Frontiers in Genetics","https://doi.org/10.3389/fgene.2026.1943884","Background The role of m 6 A demethylases in tumorigenesis has garnered increasing attention; however, the global research landscape and thematic evolution in this field remain to be fully elucidated. This study aims to investigate the dynamic scientific development of the m 6 A demethylase-tumor field through bibliometric analysis. Methods Literature pertaining to m 6 A demethylases and tumors published between 2015 and 2025 was retrieved from the Web of Science Core Collection (WoSCC) database."
"2026-10-07","global warming","Crossref/Frontiers in Global Women's Health","https://doi.org/10.3389/fgwh.2026.1933210","Perimenopause is a critical midlife transition within women's aging, with implications for cardiometabolic, musculoskeletal, functional, and psychosocial health. Although physical activity and structured exercise are relevant components of healthy aging, evidence remains limited regarding how perimenopausal women organize their real-world exercise behavior, including exercise modalities and supervision. This cross-sectional study used a primarily descriptive approach to characterize physical activity habits and exercise patterns in perimenop..."
"2026-10-07","global warming","Crossref/Global Englishes SIG Journal","https://doi.org/10.37546/jaltsig.ge3-1",""
"2026-10-07","global warming","Crossref/Global Englishes SIG Journal","https://doi.org/10.37546/jaltsig.ge3-2",""
"2026-10-07","global warming","Crossref/Global Journal of Human-Social Science","https://doi.org/10.34257/gjhssh277050","Workplace wellbeing has emerged as a critical factor influencing employee productivity, organizational performance, and occupational safety. In the United Arab Emirates (UAE), the construction industry plays a vital role in economic development but presents unique challenges that may affect workers’ physical, psychological, and social wellbeing. Construction workers are frequently exposed to demanding working conditions, including high temperatures, tight project schedules, physically strenuous tasks, and multicultural work environments."
"2026-10-07","flood","Crossref/International Journal of Creative and Open Research in Engineering and Management","https://doi.org/10.55041/ijcope.v2i10.030","Flooding remains one of the most damaging natural hazards worldwide, and the growing availability of hydrological sensor networks and satellite data has pushed researchers toward data-driven alternatives to conventional physics-based hydrological models. This paper synthesizes findings from six recent bodies of work — three literature reviews and three influential primary studies — covering the evolution of machine learning (ML) applications in flood and flash-flood forecasting, from early architecture benchmarking through real-world operati..."
"2026-10-07","global warming","Crossref/Journal of Contemporary Politics","https://doi.org/10.53989/jcp.v5i3.26.43","This study examined digital imperialism and its contribution to global inequality, focusing on the activities of Facebook, Cambridge Analytica, Bell Pottinger, and TikTok in Nigeria. It explored how these corporations influence politics, culture, and the economy through data exploitation, algorithmic control, and platform monopolies. The qualitative approach and the purposive sampling technique were used to conduct interviews with thirty participants, comprising cybersecurity/IT experts and officials of the electoral agencies."
"2026-10-07","global warming","Crossref/Journal of Global Optimization","https://doi.org/10.1007/s10898-026-01644-3",""
"2026-10-07","flood","Crossref/Journal of Health Science and Medical Research","https://doi.org/10.31584/jhsmr.20261447","Disaster management is an intricate, multi-layered public health and security challenge that scales exponentially during mass casualty incidents (MCIs). While emergency medical services and clinical teams prioritize the immediate triage, stabilization, and treatment of survivors, forensic medicine is tasked with the systematic management, examination, documentation, and identification of the deceased. This article comprehensively examines the critical, multidisciplinary responsibilities of forensic practitioners in the wake of natural catast..."
"2026-10-07","global warming","Crossref/RSF Conference Series: Business, Management and Social Sciences","https://doi.org/10.31098/bmss.v6i2.1151","The escalating involvement of Indonesian children in violent extremism through digital platforms, encrypted messaging services, and online gaming ecosystems demands an integrated, cross-sectoral, and child-sensitive security governance approach. Mainstream counter-terrorism scholarship, largely shaped by Global North liberal paradigms, often misinterprets non-state actors' engagement as evidence of state fragility or institutional deficiency. Furthermore, existing research largely overlooks platform-level technical architectures and key psyc..."
"2026-10-07","flood","Crossref/npj Environmental Social Sciences","https://doi.org/10.1038/s44432-026-00020-6",""
"2026-10-06","global warming","Crossref/ACUMEN: INTERNATIONAL JOURNAL OF MULTIDISCIPLINARY RESEARCH","https://doi.org/10.66301/fjp69283","1. A Scratch That Would Not Heal It begins innocently enough. A gardening cut."
"2026-10-06","climate extremes","Crossref/Academic Medicine","https://doi.org/10.1093/acamed/wvag277","AbstractPurposeThe authors characterize how U.S. professional medical societies are addressing climate-related health impacts and sustainable healthcare practices, and identify barriers and priorities for advancing a climate-fit healthcare system. MethodNinety-five U.S."
"2026-10-06","flood","Crossref/Acta Geophysica","https://doi.org/10.1007/s11600-026-02036-7",""
"2026-10-06","global warming","Crossref/Administrative Sciences","https://doi.org/10.3390/admsci16100493","The international apparel market is becoming more complex and competitive, but the multidimensional, human-centred capabilities that underpin export success in institutionally constrained markets are not well understood. This paper discusses the strategies used by export-oriented apparel companies in Pakistan. The study uses an interpretivist qualitative approach, which includes a PRISMA-guided systematic literature review and semi-structured interviews with senior managers from ten top apparel companies."
"2026-10-06","flood","Crossref/African Microfinance Journal (Interdisciplinary)","https://doi.org/10.68258/ajdevs_microfinance.63783","However, CGSL savings remain limited by small capital bases, weak climate-risk products, insufficient record-keeping, and limited linkage to government and formal financial services. Objective: This article examines how Community Group Saving and Lending (CGSL) mechanisms absorb household shocks and reduce vulnerability in flood-affected communities in Jonglei State, South Sudan. Methods: Drawing on a broader mixed-methods thesis conducted in Eastern Equatoria, Jonglei, and Lakes States, the paper isolates the Jonglei evidence and interprets..."
"2026-10-06","drought","Crossref/Agronomy","https://doi.org/10.3390/agronomy16191956","Drought–rewatering events are becoming increasingly frequent on the Qinghai–Tibet Plateau, yet how drought severity shapes post-drought recovery of root functions and associated rhizosphere enzyme activities remains unclear. Here, Poa pratensis from Zeku Zequ National Wetland Park was subjected to a control treatment (75–80% field capacity, FC), mild (60–65% FC), moderate (40–50% FC), or severe drought (30–35% FC) for 14 days, followed by 14 days of rewatering. Root functional traits, leaf physiological responses, chlorophyll-related traits,..."
"2026-10-06","climate extremes","Crossref/American Journal of Environment and Climate","https://doi.org/10.54536/ajec.v5i3.8462","Soil and settled dust contaminated with heavy metals pose a major threat to human health. The objective of this study was to determine the concentration of heavy metals in soil and settled dust from automobile workshops in Afikpo, Ebonyi State, Nigeria. Sixteen soil samples were collected at depths (0-5, 5-10, 10-15, and 15-20 cm) from four randomly selected automobile workshops."
"2026-10-06","global warming","Crossref/Annual Review of Resource Economics","https://doi.org/10.1146/annurev-resource-112624-125817","The accelerating global transition toward clean energy, expanding electrification, and rapid advances in artificial intelligence have sharply increased demand for critical minerals. These minerals underpin renewable power generation, energy storage, semiconductor manufacturing, and multiple strategic sectors, yet their supply chains remain highly complex, geographically concentrated, and exposed to significant economic, environmental, and geopolitical risks. This review provides a comprehensive, multi-mineral assessment of current supply cha..."
"2026-10-06","climate extremes","Crossref/Atmospheric Chemistry and Physics","https://doi.org/10.5194/acp-26-14031-2026","This paper explores the long-term variability of climatic parameters over the Mediterranean region and their relationship with tropical belt expansion by investigating observational and reanalysis data from January 1980 to December 2022 through multiple approaches, including correlation, linear regression, and singular value decomposition (SVD) analysis. The lapse rate tropopause height exhibits upward trends of approximately 80.58 m per decade. Concurrently, the tropical belt shows a poleward expansion of approximately 0.14 and 0.27° per de..."
"2026-10-06","climate extremes","Crossref/Biomimetics","https://doi.org/10.3390/biomimetics11100711","Biomimetic architecture is increasingly discussed as a route toward climate-responsive and regenerative design, yet architectural descriptions alone cannot demonstrate thermal, ventilation, daylight, energy or microclimatic performance. This study presents the Biomimetic Climate-Adaptability Framework (BCAF) as a retrospective analytical and comparative framework rather than a performance-rating or validated design-support instrument. The BCAF establishes an explicit chain between an environmental problem, a biological function, a biological..."
"2026-10-06","climate extremes","Crossref/Carbon Balance and Management","https://doi.org/10.1186/s13021-026-00524-3",""
"2026-10-06","global warming","Crossref/Circulation","https://doi.org/10.1161/circulationaha.126.079687",""
"2026-10-06","global warming","Crossref/Comparative Migration Studies","https://doi.org/10.1186/s40878-026-00586-9","AbstractThe article examines how the United Nations (UN) politically creates and structures the category “people of African descent” (PAD). It shows that, in international political debates, this category is closely linked to migration-related categories but not necessarily solely through overlaps, but also through processes of differentiation that further complicate the categorization process. Through a qualitative analysis this article examines the relationship between the category of ‘migrant’ and the ‘people of African descent’."
"2026-10-06","global warming","Crossref/Discover Global Society","https://doi.org/10.1007/s44282-026-00619-9",""
"2026-10-06","global warming","Crossref/Discover Quantum Science","https://doi.org/10.1007/s44464-026-00042-8",""
"2026-10-06","climate extremes","Crossref/Discover Sustainability","https://doi.org/10.1007/s43621-026-04886-z",NA
"2026-10-06","climate extremes","Crossref/Ecography","https://doi.org/10.1002/ecog.08894","Understanding how species' sensitivity to climate varies spatially across their ranges and elucidating the important causes is essential for identifying ecologically meaningful geographic units and conservation actions for biodiversity. In this study, we estimated climatic occurrence niches of vascular plants to explore the spatial variation in species' intrinsic climate sensitivity across the conterminous United States. Specifically, we asked if species sensitivity varies more between than within Climate Adaptation Science Center (CASC) reg..."
"2026-10-06","global warming","Crossref/Education and Information Technologies","https://doi.org/10.1007/s10639-026-14166-y",""
"2026-10-06","global warming","Crossref/Endocrinology and Metabolism","https://doi.org/10.3803/enm.2025.2664",""
"2026-10-06","global warming","Crossref/Energy RESEARCH LETTERS","https://doi.org/10.46557/001c.163971","This study examines how the 2025 tariff episode affects four main dimensions, the 4A’s of energy security: availability, accessibility, affordability, and acceptability. Our findings reveal how weaponized interdependence and the interplay between realism and institutionalism could reshape geopolitical dynamics; strain established supply chains and disrupt clean energy investments. We analyze the future global energy security landscape as influenced by changes in the 4A’s in China, the EU, and the U.S."
"2026-10-06","drought","Crossref/Environmental Monitoring and Assessment","https://doi.org/10.1007/s10661-026-16002-9",""
"2026-10-06","climate extremes","Crossref/Environmental Policy and Governance","https://doi.org/10.1002/eet.70131","ABSTRACTThe biodiversity and climate crises are interconnected through land use and land use change, posing significant threats to ecosystem integrity, human well‐being, food and water supply and climate resilience. To effectively address these challenges, policies for climate change mitigation, climate change adaptation and biodiversity protection must be considered jointly. In this paper, we analyse Norwegian national policy documents related to these three areas within the land use sector."
"2026-10-06","global warming","Crossref/Environmental Research Letters","https://doi.org/10.1088/1748-9326/aeb0b8","AbstractLong-term soil temperature changes in high-latitude regions have been reported mainly focusing on the near-surface air and sub-surface soil temperature because of limited observational data. This gap still obscures spatiotemporal changes and associated processes of vertical thermal changes at multiple soil layers over such climate-sensitive regions. This study investigates changes of soil temperature across the northern Eurasia utilizing monthly temperature data at seven soil depth layers over 1963–2022."
"2026-10-06","climate extremes","Crossref/European Convention on Human Rights Law Review","https://doi.org/10.1163/26663236-bja10167","Abstract What is the relevance of the ruling of the European Court of Human Rights in KlimaSeniorinnen and Others v Switzerland for corporations? The first climate case decided on the merits by an international court is attracting significant attention from litigators interested in horizontal claims against businesses, human rights activists, and corporate actors and has already been cited in the November 2024 judgment on the Shell litigation in the Dutch legal system. We discuss affirmations of the former President of the European Court of ..."
"2026-10-06","global warming","Crossref/European Journal of Clinical Microbiology & Infectious Diseases","https://doi.org/10.1007/s10096-026-05681-4",""
"2026-10-06","climate extremes","Crossref/Federal University Gusau Faculty of Education Journal","https://doi.org/10.64348/zije.2026604","This paper discusses the pressing need for a transboundary approach to tackle climate change through STEM education, which is currently limited by traditional education methods. It introduces the Climate-Smart Transnational STEM Framework, encompassing seven dimensions: Cross-border Collaboration, Localised Climate Context, Innovation for Mitigation and Adaptation, Measurement and Data, Awareness and Action, Teacher Capacity, and Equity and Access. Grounded in theories like Connectivism and Education for Sustainable Development, the framewor..."
"2026-10-06","climate extremes","Crossref/Frontiers in Climate","https://doi.org/10.3389/fclim.2026.1854735","In 2019, Formula 1 (F1) committed to achieving net-zero carbon emissions by 2030 across its entire value chain; however, this target has drawn both support and skepticism from the academic community. We present an exploratory systems scenario model using F1’s official sustainability reporting data to evaluate seven decarbonization interventions through two complementary analytical modes: a static calculator that enables direct scenario comparisons, and a time-dynamic simulator that projects adoption trajectories from 2024 to 2030 using gap-c..."
"2026-10-06","global warming","Crossref/Frontiers in Global Women's Health","https://doi.org/10.3389/fgwh.2026.1854104","Reproductive coercion—behaviors that interfere with women's autonomous reproductive decision-making—is increasingly recognized but remains unevenly defined and measured across settings. We conducted a scoping review and searched MEDLINE, Scopus, CINAHL, Embase, and the Cochrane Library, for English-language studies from 1995 to April 2023. Of 8,515 records identified, 119 studies met inclusion criteria; 56% were quantitative, 55% were published during 2020–2023, and most were conducted in high-income settings (58% United States; 13% Australia)."
"2026-10-06","drought","Crossref/Frontiers in Plant Science","https://doi.org/10.3389/fpls.2026.1954199","IntroductionAgainst the backdrop of global warming, drought events have become increasingly frequent and represent a major environmental stress factor limits potato yield stability and sustained yield improvement. MethodsIn this study, integrated transcriptomics and widely targeted metabolomics were used to characterize the response of the potato cultivar ‘Jizhangshu 12’ to moderate (T1) and severe (T2) drought stress, and RT-qPCR was used to validate key genes. Results and discussion1,135 differentially expressed genes and 39 differentially..."
"2026-10-06","global warming","Crossref/Global Education Trends","https://doi.org/10.61798/get.v4i2.1344","Kepemimpinan kepala sekolah berperan dalam membangun lingkungan kerja yang mendukung pengembangan profesional guru. Penelitian ini bertujuan menganalisis implementasi kepemimpinan transformasi kepala sekolah dalam upaya meningkatkan kinerja guru di SDN Madyopuro 3. Penelitian menggunakan pendekatan kualitatif dengan desain studi kasus."
"2026-10-06","global warming","Crossref/Global Education Trends","https://doi.org/10.61798/get.v4i2.1338","Pengembangan profesional berkelanjutan sangat penting bagi guru Pendidikan Anak Usia Dini (PAUD), namun pelatihan yang hanya dilakukan sesekali sering kali tidak memenuhi kebutuhan mereka akan bimbingan yang berkelanjutan. Penelitian ini bertujuan untuk mendeskripsikan dan memahami pengelolaan Komunitas Belajar Guru di PAUD Attaqwa sebagai upaya menuju pengembangan profesional yang berkelanjutan. Penelitian ini menggunakan pendekatan kualitatif deskriptif dengan desain studi kasus."
"2026-10-06","global warming","Crossref/Global Education Trends","https://doi.org/10.61798/get.v4i2.1336","Disiplin siswa di sekolah dasar terbentuk melalui rutinitas harian dan perilaku orang dewasa, namun banyak sekolah masih mengandalkan aturan dan sanksi semata. Penelitian ini menganalisis strategi yang digunakan oleh SD Muhammadiyah 1 Laren, Lamongan, dalam membentuk disiplin siswa melalui pembiasaan rutin dan keteladanan guru. Studi kasus kualitatif dilakukan pada tanggal 27 September hingga 2 Oktober 2026 dengan melibatkan sepuluh guru dan sampel sebanyak 48 siswa."
"2026-10-06","global warming","Crossref/Global Education Trends","https://doi.org/10.61798/get.v4i2.1346","Pendidikan vokasi memerlukan sarana dan prasarana yang memadai serta dikelola dengan baik untuk mendukung pembelajaran teoretis dan praktis yang relevan dengan tuntutan dunia kerja. Penelitian ini bertujuan untuk menganalisis pengelolaan sarana dan prasarana dalam mendukung kualitas pembelajaran di SMKS Kesehatan Madani Indonesia Karangploso, mencakup faktor pendukung, kendala, dan upaya peningkatannya. Penelitian ini menggunakan pendekatan kualitatif dengan desain studi kasus."
"2026-10-06","global warming","Crossref/Global Education Trends","https://doi.org/10.61798/get.v4i2.1343","Program pembiasaan religius di sekolah dapat menjadi bagian dari upaya membangun kesiapan murid sebelum mengikuti pembelajaran. Salah satu program yang dikembangkan di SMA Muhammadiyah 1 Gresik adalah SMA-M (Spiritual Morning Activity dan Muroja’ah), yang memadukan aktivitas spiritual, muroja’ah, komunikasi wali kelas, dan pendampingan murid pada awal kegiatan pembelajaran. Penelitian ini bertujuan mendeskripsikan implementasi program SMA-M, menganalisis peran wali kelas dan pengalaman murid, serta mengidentifikasi faktor pendukung, kendala,..."
"2026-10-06","global warming","Crossref/Global Education Trends","https://doi.org/10.61798/get.v4i2.1342","Penelitian ini bertujuan untuk menganalisis strategi manajemen sumber daya manusia (MSDM) dalam meningkatkan kinerja guru di pendidikan anak usia dini, serta faktor pendukung dan penghambat dalam penerapannya di RA Nurul Iman Batu. Penelitian ini menggunakan pendekatan kualitatif deskriptif dengan desain studi kasus. Subjek utama penelitian adalah kepala sekolah, sedangkan subjek sekundernya adalah para guru."
"2026-10-06","global warming","Crossref/Global Education Trends","https://doi.org/10.61798/get.v4i2.1337","Manajemen sekolah kejuruan yang efektif membutuhkan guru dan tenaga kependidikan yang disiplin secara administratif sekaligus memiliki landasan spiritual yang kuat; namun, kedua dimensi ini sering kali dikelola secara terpisah. Penelitian ini mendeskripsikan bagaimana disiplin administratif dan budaya religius diintegrasikan dalam pengelolaan guru dan tenaga kependidikan di SMK Muhammadiyah 6 Donomulyo, Kabupaten Malang. Studi kasus kualitatif dilakukan pada 28 September hingga 1 Oktober 2026 dengan melibatkan 54 guru dan tenaga kependidikan."
"2026-10-06","global warming","Crossref/Global Intellectual History","https://doi.org/10.1080/23801883.2026.2740711",""
"2026-10-06","global warming","Crossref/Global Journal of Human-Social Science","https://doi.org/10.34257/gjhssh259193","A presente reflexão analisa o senso de entitlement como fenómeno situado entre duas dimensões distintas: o direito legítimo e a ilusão do privilégio. Parte-se da ideia de que nem toda percepção de direito é ilegítima, pois a dignidade humana, a justiça social e a cidadania dependem do reconhecimento de direitos. O problema surge quando essa percepção se desloca do plano da legitimidade para o da distorção moral, convertendo-se em expectativa infundada de privilégio, desvinculada do mérito, do esforço, da responsabilidade, da reciprocidade e ..."
"2026-10-06","global warming","Crossref/Global Journal of Human-Social Science","https://doi.org/10.34257/gjhssh276076","La transformación digital del sistema judicial peruano, lejos de limitarse a la incorporación de herramientas tecnológicas, configura un proceso de reconfiguración institucional cuya complejidad se manifiesta en la tensión constante entre innovación normativa, dinámicas organizacionales heredadas y condicionamientos sociopolíticos específicos. A través del estudio del Expediente Judicial Electrónico (EJE), se examinan críticamente las trayectorias de implementación tecnológica y los marcos institucionales que interactúan con las políticas de..."
"2026-10-06","global warming","Crossref/Global Journal of Human-Social Science","https://doi.org/10.34257/gjhssh276737","The longstanding and ongoing liberation struggles for a decolonized African university, a search for a modern African identity, an epistemic citizenship, and an autonomous African development raised the question of decolonization when a Black student hurled a pail filled with human excrement against the Cecil John Rhodes statue at the University of Cape Town, South Africa, sparking the formation of the RMF movement on March 9, 2015. Grounded in both the Decolonial Critical Discourse Analysis (DCDA) and theory of Decoloniality, the objective ..."
"2026-10-06","global warming","Crossref/Global Journal of Science Frontier Research","https://doi.org/10.34257/gjsfrf277130","This article extracts and consolidates the renormalized Lambert–W branch-point cascade, its distinguished phase reduction, the exact characteristic invariant and finite-time amplification mechanism, and the extended reconstructed $b_i$ equation on $mathbb{T}^3$ . For a moving coterminal approach the principal proofs and terminal reconstruction estimates are demonstrated. The presentation separates exact finite-depth statements from coupled-depth asymptotics and records the hypotheses required for the extended PDE reconstruction."
"2026-10-06","global warming","Crossref/Global Leadership Organizational Research in Management","https://doi.org/10.59841/glory.v4i4.4163","Capture fisheries in Polewali Mandar record substantial production, but limited cold-chain services, unequal price information, and dependence on collectors constrain the value received by fishers. This study maps product, information, and value flows and formulates strategies for improving logistics distribution. An exploratory qualitative case study involved nine informants: five fishers, two collectors, one fish-landing-base manager, and one representative of the Marine and Fisheries Office."
"2026-10-06","global warming","Crossref/Global Society","https://doi.org/10.1080/13600826.2026.2743845",""
"2026-10-06","global warming","Crossref/Global Surgical Education - Journal of the Association for Surgical Education","https://doi.org/10.1007/s44186-026-00602-7","AbstractBackgroundMinimally invasive surgery (MIS) improved outcomes in hepatopancreatobiliary (HPB) cases, yet adoption is slowed by technical complexity and steep learning curves. This retrospective review sought to characterize MIS training variations across three fellowship pathways: HPB, complex general surgical oncology (CGSO), and transplant (TXP). MethodsWe analyzed anonymized Fellowship Council case logs (2014–2023) for 146 HPB, 55 CGSO, and 51 TXP fellows seeking AHPBA certification."
"2026-10-06","climate extremes","Crossref/Humanities and Social Sciences Communications","https://doi.org/10.1057/s41599-026-09299-x",NA
"2026-10-06","climate extremes","Crossref/Hydrobiologia","https://doi.org/10.1007/s10750-026-06385-8",""
"2026-10-06","drought","Crossref/Iconic Research and Engineering Journals","https://doi.org/10.64388/irev10i4-1723642",""
"2026-10-06","flood","Crossref/Iconic Research and Engineering Journals","https://doi.org/10.64388/irev10i4-1723675",""
"2026-10-06","global warming","Crossref/Information","https://doi.org/10.3390/info17100982","Facial-expression recognition (FER) on FER2013 remains challenging because of low-resolution images, class imbalance, and label ambiguity. This study presents a global–local feature-fusion framework that integrates complementary representations with validation-based ensemble refinement. A frozen DINOv2 ViT-Base captures global facial semantics, while EfficientNetB3 extracts complementary local texture features."
"2026-10-06","global warming","Crossref/International Economic Journal","https://doi.org/10.1080/10168737.2026.2741561",""
"2026-10-06","climate extremes","Crossref/International Journal of Climatology","https://doi.org/10.1002/joc.70610","ABSTRACTThe monsoon dominated climate along with the complex topographic gradient of Nepal, make it highly sensitive to changes in summer temperature extremes, yet nationwide evidence combining observations and projections remains limited. This study examines historical and future changes in summer temperature indices and extreme exceedance indices across Nepal using 34 years of quality‐controlled station observations from 39 stations and bias‐corrected CMIP6 projections under SSP245 and SSP585. Historical results show statistically signific..."
"2026-10-06","climate extremes","Crossref/International Journal of Climatology","https://doi.org/10.1002/joc.70621","ABSTRACT Long‐term changes in temperature extremes are a robust signature of anthropogenic climate change, yet their spatial structure across India's agro‐climatic zones (ACZs) remains insufficiently resolved at policy scales. Here, we quantify changes in temperature extremes across 14 mainland ACZs during 1951–2025 using the India Meteorological Department 1° × 1° gridded daily dataset. We compute 22 indices, including 11 Expert Team on Climate Change Detection and Indices (ETCCDI) metrics, 7 India‐specific thresholds, and 4 crop‐specific g..."
"2026-10-06","flood","Crossref/International Journal of Disaster Risk Science","https://doi.org/10.1007/s13753-026-00771-5","AbstractAs important policy and diplomatic progress is reached around climate-related loss and damage, attention has shifted to existing gaps regarding science-based methods and frameworks to inform effective action. A basic prerequisite for systematically minimizing and addressing losses and damages is reliable quantification in the aftermath of a disaster. Many approaches can be adopted from disaster risk reduction and adaptation disciplines, especially those combining top-down technological solutions with bottom-up stakeholder engagement,..."
"2026-10-06","global warming","Crossref/International Journal of Interactive Mobile Technologies (iJIM)","https://doi.org/10.3991/ijim.v20i18.61551","The increasing integration of mobile technologies into language education has attracted growing research attention in second language learning, yet the intellectual structure and thematic evolution of this field remain insufficiently understood. To address this gap, this study conducts a bibliometric analysis of research on mobile technologies in second language learning. A total of 262 articles retrieved from the Web of Science Core Collection (WoSCC) between 2016 and 2025 were included after PRISMA-based screening."
"2026-10-06","global warming","Crossref/International Journal of Scientific Management and Tourism","https://doi.org/10.55905/ijsmtv12n2-002","Globalization has made international competition for highly skilled human capital an increasingly important component of state policies. Today, states seek not only financial capital and foreign direct investment but also highly skilled human capital, developing various immigration and citizenship policies to attract and retain talented individuals. In this context, citizenship can transcend its traditional function as a legal status or marker of political belonging and, under certain circumstances, become a strategic tool in the global comp..."
"2026-10-06","global warming","Crossref/JOURNAL OF LAW AND GLOBAL POLICY","https://doi.org/10.56201/jlgp.vol.10.no4.2025.pg102.126","The digital divide represents one of the most pressing challenges facing human rights education in the 21st century, with 2.6 billion people worldwide lacking internet access. This article examines how mobile technology, combined with traditional media platforms including radio, television, and social media networks such as Instagram, Facebook, Twitter, and YouTube, can serve as powerful vehicles for building human rights literacy in the Global South. Through detailed analysis of platform usage data from Nigeria as a case study, this researc..."
"2026-10-06","global warming","Crossref/JOURNAL OF LAW AND GLOBAL POLICY","https://doi.org/10.56201/jlgp.vol.10.no5.2025.pg102.111","This paper, explores how technology facilitates cross-border financial crimes and underscores the importance of international collaboration in curbing these activities. It further examines the role of shared intelligence, harmonized legal frameworks, and the adoption of advanced technology in building a united front against global financial crime. This study is guided by Robert K."
"2026-10-06","global warming","Crossref/JOURNAL OF LAW AND GLOBAL POLICY","https://doi.org/10.56201/jlgp.vol.10.no5.2025.pg19.30","This study examines the Economic Dimension of Security in Africa. Africa is endowed with several rich natural resources like petroleum, gold, diamond, timber, rivers and so forth, and yet Africa is part of the poorest countries in the world, and the indicators of measuring economic development are declining in this area. The African region is faced with a myriad of security challenges, which range from terrorism, political instability, conflicts, infrastructural deficit, poverty, and unemployment, among others, which have grave implications ..."
"2026-10-06","global warming","Crossref/JOURNAL OF LAW AND GLOBAL POLICY","https://doi.org/10.56201/jlgp.vol.10.no4.2025.pg21.29","This study examined the organization and framework of local government administration in Nigeria, with particular emphasis on the constitutional, statutory, and institutional arrangements that govern Local Government Areas (LGAs). The objectives are to analyze the effectiveness of local government structures, evaluate the degree of autonomy granted to LGAs, identify institutional and administrative challenges, and explore best practices from comparative jurisdictions. The scope of the study encompassed legal and policy frameworks, fiscal arr..."
"2026-10-06","global warming","Crossref/JOURNAL OF LAW AND GLOBAL POLICY","https://doi.org/10.56201/jlgp.vol.10.no5.2025.pg31.39","This paper analysed Human Rights Implementation and Enforcement in Nigeria: A Critical Appraisal. It x-rayed the human rights protection of the Nigeria citizens under the 1999 Constitution of Federal Republic of Nigeria and its enforcement mechanisms. It answered the question whether the 1999 Constitution of Federal Republic of Nigeria made adequate provision for human rights protection of her citizens and its enforcements."
"2026-10-06","global warming","Crossref/JOURNAL OF LAW AND GLOBAL POLICY","https://doi.org/10.56201/jlgp.vol.10.no5.2025.pg123.133","The study investigated the proliferation of arms and regional conflict in West Africa. The proliferation of small arms and light weapons (SALW) in West Africa presents a deeply rooted security, humanitarian and development challenge. Despite formal security forces being the legitimate bearers of weaponry, large numbers of firearms are found outside State control."
"2026-10-06","global warming","Crossref/JOURNAL OF LAW AND GLOBAL POLICY","https://doi.org/10.56201/jlgp.vol.10.no5.2025.pg84.101","This study examines Nigeria's 2025 tax reform legislation through the lens of international human rights law, analyzing how the Nigeria Tax Act, Nigeria Tax Administration Act, Nigeria Revenue Service Act, and Joint Revenue Board Act intersect with fundamental human rights obligations. Drawing from the Universal Declaration of Human Rights, the International Covenant on Economic, Social and Cultural Rights, and the African Charter on Human and Peoples' Rights, this article evaluates whether Nigeria's tax reforms advance or impede the progres..."
"2026-10-06","global warming","Crossref/JOURNAL OF LAW AND GLOBAL POLICY","https://doi.org/10.56201/jlgp.vol.10.no5.2025.pg134.149","Child mortality remains a pressing public health concern in Nigeria, with significant implications for gender equality and national development. Parental leave policies play a crucial role in reducing child mortality rates by ensuring that infants receive adequate care, breastfeeding, and medical attention in the critical early months of life. These policies simultaneously serve as a proxy measure for gender equality, particularly in terms of redistributing caregiving responsibilities, supporting women’s workforce participation, and equal co..."
"2026-10-06","global warming","Crossref/JOURNAL OF LAW AND GLOBAL POLICY","https://doi.org/10.56201/jlgp.vol.10.no4.2025.pg64.69","Exposure therapy is one of the most empirically supported treatments for anxiety-related disorders, including phobias, obsessive-compulsive disorder (OCD), panic disorder, and posttraumatic stress disorder (PTSD). Despite its proven efficacy, exposure-based interventions remain underutilized in counselling settings, where practitioners often prioritize emotional support and insight-oriented approaches. This article explores the integration of exposure therapy within a counselling framework, emphasizing its compatibility with client-centered ..."
"2026-10-06","global warming","Crossref/JOURNAL OF LAW AND GLOBAL POLICY","https://doi.org/10.56201/jlgp.vol.10.no3.2025.pg1.19","This article critically examines the express exclusion of contempt jurisdiction from Ghana’s lower courts—namely Circuit and Magistrate Courts and its implications for judicial authority, constitutionalism, and access to justice. While these courts are empowered to determine serious civil and criminal matters, they lack the authority to punish acts that obstruct or undermine their proceedings. This paradox raises critical questions about the consistency and coherence of Ghana’s judicial framework."
"2026-10-06","global warming","Crossref/JOURNAL OF LAW AND GLOBAL POLICY","https://doi.org/10.56201/jlgp.vol.10.no5.2025.pg1.11","This study examined the dynamics of normalization versus criminalization of bureaucratic corruption and kickbacks in Nigeria and China between 2015 and 2025. The problem emerged from the contrasting institutional responses to bureaucratic corruption across different governance systems where Nigeria’s public sector exhibited a pattern of normalization through entrenched informal practices, while China pursued systematic criminalization within its centralized political framework. Guided by two research objectives, the study sought: (1) to inve..."
"2026-10-06","global warming","Crossref/JOURNAL OF LAW AND GLOBAL POLICY","https://doi.org/10.56201/jlgp.vol.10.no4.2025.pg1.10","This research paper provides a comprehensive legal analysis of the implications of political defections within Nigeria's constitutional framework and their impact on democratic stability. It examines the issue of party switching by political officeholders, driven by personal interests and opportunistic motives, which undermine party loyalty and compromise the integrity of Nigeria’s democratic processes. The work highlights that despite constitutional provisions aimed at curbing defections, enforcement challenges, lack of legal clarity, and i..."
"2026-10-06","global warming","Crossref/JOURNAL OF LAW AND GLOBAL POLICY","https://doi.org/10.56201/jlgp.vol.10.no5.2025.pg53.63","This paper posits that through a Hobbesian lens; an effective correctional system must deliver certainty and severity of punishment while enabling rehabilitation to maintain societal order. Its investigation clearly submits that Nigeria’s correctional system fails on both fronts: inconsistency in judicial outcomes, overcrowding and systemic neglect undermine the credibility of deterrence; meanwhile, rehabilitation remains largely symbolic, inadequate, and insufficient to prevent recidivism. The paper recommends among other things the expansi..."
"2026-10-06","global warming","Crossref/JOURNAL OF LAW AND GLOBAL POLICY","https://doi.org/10.56201/jlgp.vol.10.no4.2025.pg54.63","Compassion Focused Therapy (CFT) has gained recognition as an innovative therapeutic approach aimed at restoring emotional balance by cultivating compassion in individuals struggling with shame, self-criticism, and trauma. This review explores CFT from the perspective of counsellors, highlighting its theoretical underpinnings, mechanisms of change, and clinical applications. Emphasizing the role of compassion in regulating the brain’s emotion systems threat, drive, and soothing CFT addresses limitations of traditional therapies, particularly..."
"2026-10-06","global warming","Crossref/JOURNAL OF LAW AND GLOBAL POLICY","https://doi.org/10.56201/jlgp.vol.10.no3.2025.pg70.95","This paper examines the five-stage model of the policy-making process and how the process is democratised. In many contexts, the policy-making apparatus of political representation and expert administration—the very machinery developed over the past two centuries to govern well without requiring too much from citizens—exhibits certain acute failures. These failures can be addressed with mechanisms of citizen participation and deliberation."
"2026-10-06","global warming","Crossref/JOURNAL OF LAW AND GLOBAL POLICY","https://doi.org/10.56201/jlgp.vol.10.no5.2025.pg40.52","This article explores the intersection between international human rights and child protection norms in armed conflicts, with a focus on bridging global standards and domestic implementation realities. It examines the normative frameworks established by international human rights law (IHRL), international humanitarian law (IHL), and international criminal law (ICL), as reflected in instruments such as the Convention on the Rights of the Child (CRC), the Optional Protocol on the Involvement of Children in Armed Conflict (OPAC), the African Ch..."
"2026-10-06","global warming","Crossref/JOURNAL OF LAW AND GLOBAL POLICY","https://doi.org/10.56201/jlgp.vol.10.no3.2025.pg96.123","This paper argues that the right to education in Nigeria should be judicially enforceable, notwithstanding its placement in Chapter II of the Constitution under directive principles. It advances a purposive and harmonious interpretive method—long embraced by Nigerian courts and widely recognized in comparative constitutional law—as the doctrinal pathway. By reading the Constitution as an integrated whole, and recognizing that education is essential to the justiciable rights to life and dignity, as well as to the State’s core purposes of secu..."
"2026-10-06","global warming","Crossref/JOURNAL OF LAW AND GLOBAL POLICY","https://doi.org/10.56201/jlgp.vol.10.no4.2025.pg90.101","The intersection of artificial intelligence and human rights education represents a transformative moment in the democratization of knowledge. This article examines how digital platforms including social media, online courses, podcasts, and webinars are revolutionizing human rights education delivery and accessibility. Drawing on recent scholarship and policy developments, this paper explores the potential of AI enhanced digital tools to build ethical literacy in high tech societies while addressing the challenges of digital divides, algorit..."
"2026-10-06","global warming","Crossref/JOURNAL OF LAW AND GLOBAL POLICY","https://doi.org/10.56201/jlgp.vol.10.no4.2025.pg81.89","An independent judiciary is one of the corner stone for democracy to thrive in the society. It is an essential factor for constitutional democracy and the rule of law. Judicial independence means the ability of judges to function independently from outside influences that may corrupt or curtail their ability to fairly administer justice."
"2026-10-06","global warming","Crossref/JOURNAL OF LAW AND GLOBAL POLICY","https://doi.org/10.56201/jlgp.vol.10.no5.2025.pg12.18","This paper provides a descriptive analysis of demographic change and crime‑reporting in Omoku, Rivers State, by applying locally supplied 2023 crude rates (fertility 79/1,000; mortality 29/1,000; net migration 19/1,000; incidents reported to Omoku Police Station 9/1,000; incidents reported to Ospac vigilante 18/1,000) to a 2023 population estimate of 89,000 (Rivers State Bureau of Statistics, 2023). The calculations yield 7,031 births, 2,581 deaths, 1,691 net migrants, 801 incidents reported to police, and 1,602 incidents reported to Ospac i..."
"2026-10-06","global warming","Crossref/JOURNAL OF LAW AND GLOBAL POLICY","https://doi.org/10.56201/jlgp.vol.10.no4.2025.pg70.80","This study investigated the Influence of Parental Demographic Variables on Girl-Child Education in Senior Secondary Schools in Oyo State: Implications for Guidance. Using a descriptive design, a sample of 372 parents was drawn from a population of 10,500 across five inspectorate zones through purposive sampling. Data were collected with a validated 12-item questionnaire (reliability index: 0.79)."
"2026-10-06","global warming","Crossref/JOURNAL OF LAW AND GLOBAL POLICY","https://doi.org/10.56201/jlgp.vol.10.no5.2025.pg64.83","This paper provides an insight to the world of transnational organised crime and drug trafficking. It examines transnational organised crime groups, their activities and the efforts made to stop them worldwide. However, for developing-world states, organised crime poses a far greater threat, undermining the rule of law and their monopoly on violence."
"2026-10-06","climate extremes","Crossref/Journal of Applied Meteorology and Climatology","https://doi.org/10.1175/jamc-d-26-0122.1","Abstract Climate extremes have become increasingly frequent and severe worldwide under global warming. Among them, compound hot–dry events pose particularly acute threats to ecosystems, water resources, and agricultural systems, often producing greater impacts than heatwaves or droughts occurring alone. Using the ERA5-Land reanalysis dataset, we constructed a daily standardized compound dry and hot index (SCDHI) to investigate the spatiotemporal evolution of compound events across the Mongolian Plateau from 1995 to 2024."
"2026-10-06","climate extremes","Crossref/Journal of Business Ethics","https://doi.org/10.1007/s10551-026-06486-3",NA
"2026-10-06","climate extremes","Crossref/Journal of Climate","https://doi.org/10.1175/jcli-d-25-0475.1","AbstractThe impacts of the Madden-Julian Oscillation (MJO) on the monsoon season in South America (SA) and possible changes during El Niño (EN) and La Niña (LN) events are analyzed in the UK Met Office Unified Model Global Ocean Mixed Layer configuration (MetUM-GOML3). Experiments, with and without El Niño-Southern Oscillation (ENSO), are performed to assess if ENSO influences several MJO characteristics, including the teleconnections to SA. These experiments are sixty years long and consider different spatial resolutions."
"2026-10-06","climate extremes","Crossref/Journal of Climate","https://doi.org/10.1175/jcli-d-26-0137.1","AbstractThis study evaluates the performance of 74 CMIP6 (including HighResMIP) models for the historical climate of the Arabian Peninsula (AP). The analysis examines whether models reproduce the mean climate, trends (accounting internal-variability), extremes, and key circulation/process diagnostics. Despite strengths, several limitations persist across key aspects."
"2026-10-06","global warming","Crossref/Journal of Global Marketing","https://doi.org/10.1080/08911762.2026.2741675",""
"2026-10-06","global warming","Crossref/Journal of Global Social Transformation","https://doi.org/10.71317/jgst.2.10.2026.791","Human Rights Education (HRE) is now recognized as an innovative educational approach with the power to foster and empower democratic participation, social cohesion and global responsibility. The study aims to critically explore the practices of HRE among teacher educators in higher education using a semi-systematic approach to the desk review of literature between 2021 and 2025. The study examines four thematic dimensions, namely peace, unity, global citizenship and respect, in the light of international and Pakistani context by keeping PICO..."
"2026-10-06","global warming","Crossref/Journal of Global Social Transformation","https://doi.org/10.71317/jgst.2.10.2026.793","This study examines the political role of the Pakistan National Congress in the early phase of Pakistan (1947-1958). The PNC was one of the first organized groups of opposition in the first Constituent Assembly of Pakistan but it has been neglected in the historical narrative. Although the party had a representation in parliament, it started to have problems retaining its political influence in the newly founded state."
"2026-10-06","global warming","Crossref/Journal of Global Trade, Ethics and Law","https://doi.org/10.70150/2026gt03",""
"2026-10-06","flood","Crossref/Journal of Health Science and Medical Research","https://doi.org/10.31584/jhsmr.20261444","Disaster preparedness is commonly framed around advance planning and formal protocols, yet major emergencies often require institutions to adapt under rapidly changing conditions. This reflective case analysis examines the transformation of Prince of Songkla University Hat Yai Campus into an evacuation shelter during the 2025 Hat Yai flood, when widespread disruption left Songklanagarind Hospital as the principal functioning major hospital in the city. Established through situational necessity rather than prior designation, the shelter expan..."
"2026-10-06","drought","Crossref/Journal of Plant Growth Regulation","https://doi.org/10.1007/s00344-026-12470-y",""
"2026-10-06","global warming","Crossref/Journal of Religion in Africa","https://doi.org/10.1163/15700666-bja10160","Abstract This paper offers a critical, interdisciplinary examination of artificial intelligence ( AI ) as a theological mediator, arguing that AI systems do not merely transmit religious knowledge but actively reproduce gendered epistemic hierarchies embedded in their training data. Grounded in an African Technocultural Feminist framework and informed by feminist hermeneutics and critical AI studies, the study employs a qualitative, discourse-analytical method based on simulated interviews with major large language models. These prompts focu..."
"2026-10-06","climate extremes","Crossref/Journal of Sports Sciences","https://doi.org/10.1080/02640414.2026.2743408",""
"2026-10-06","climate extremes","Crossref/Journal of Thermal Analysis and Calorimetry","https://doi.org/10.1007/s10973-026-16393-4",""
"2026-10-06","climate extremes","Crossref/Journal of Water, Sanitation and Hygiene for Development","https://doi.org/10.2166/washdev.2026.049","ABSTRACTA graphical abstract describes a concise, visual summary of a research paper's main findings. It presents the climate change and study methodology, hydro-climatic extremes and impacts, current adaptation responses and limitations, and recommendations/ way forward for climate-resilient WASH systems in Nepal. Climate change is intensifying hydro-climatic extremes across Nepal, triggering risks to water, sanitation, and hygiene (WASH) systems."
"2026-10-06","global warming","Crossref/Journal of the American Heart Association","https://doi.org/10.1161/jaha.126.049298","Growing evidence demonstrates the impact of health disparities on stroke care and outcomes. Although reviews have examined disparities related to sex and gender, race and ethnicity, socioeconomic status and rural–urban residence, most have not accounted for the influence of multiple intersecting social identities or positions. This critical integrative review used a modified integrative review methodology with an intersectionality approach."
"2026-10-06","global warming","Crossref/Language Problems and Language Planning","https://doi.org/10.1075/lplp.00147.mog",""
"2026-10-06","global warming","Crossref/Leukemia","https://doi.org/10.1038/s41375-026-03155-2",""
"2026-10-06","global warming","Crossref/Machine Learning: Earth","https://doi.org/10.1088/3049-4753/aeb0aa",""
"2026-10-06","drought","Crossref/Microorganisms","https://doi.org/10.3390/microorganisms14102273","Microbial communities associated with plants influence their growth, physiological functions, and resistance to pathogens and environmental stresses. Nevertheless, the identification of beneficial bacterial taxa that support plant resilience to environmental stresses and can be incorporated into synthetic microbial communities is still far from complete. To address this problem, we analyzed the microbial communities associated with three drought-resistant plant species, Chenopodium album L."
"2026-10-06","climate extremes","Crossref/Nature Communications","https://doi.org/10.1038/s41467-026-78230-4",NA
"2026-10-06","global warming","Crossref/Nature Communications","https://doi.org/10.1038/s41467-026-78339-6",""
"2026-10-06","global warming","Crossref/NeoBiota","https://doi.org/10.3897/neobiota.109.200244","Invasive alien (IA) predators can disrupt predator-prey interactions and alter prey phenotypes. However, how their effects differ from those of native predators remains poorly understood. Additionally, it is unclear to what extent these impacts interact with environmental factors such as warming and photoperiod."
"2026-10-06","climate extremes","Crossref/PLOS Climate","https://doi.org/10.1371/journal.pclm.0000586","Rising temperatures and extreme heat pose a substantial threat to human health through increases in heat-related morbidity and mortality. Moreover, social determinants of health can exacerbate the impact of heat on susceptible populations. This study investigates the inequities in heat-related emergency department (ED) visits in California from 2005-2017, focusing on how social determinants of health, represented by the California Healthy Places Index (HPI), may influence the associations between temperature and ED visits."
"2026-10-06","flood","Crossref/Paedagogia Christiana","https://doi.org/10.12775/pch.2026.007","The aim of the article is to present results of the qualitative research on fearthemed drawings, which was conducted in situations that impact the sense of safety in children, that is, during pandemics, a war or flooding. The research covered 162 children in total, aged between 7 and 12 years of Polish, Ukrainian, and Slovak nationality. The researchers intended to find answers to the following two questions: 1) What do children draw when asked about fear in the situation of pandemics, a war and flooding?"
"2026-10-06","global warming","Crossref/Pediatric Research","https://doi.org/10.1038/s41390-026-05541-z",""
"2026-10-06","drought","Crossref/Plants","https://doi.org/10.3390/plants15193050","Drought stress affects citrus growth and physiological responses by impairing photosynthesis and antioxidant homeostasis. In this study, we produced green-synthesized zinc oxide nanoparticles (ZnO NPs) using leaves from Calotropis gigantea L. We assessed their effects on drought-stressed rough lemon (Citrus jambhiri L.) seedlings."
"2026-10-06","climate extremes","Crossref/Proceedings of the Institution of Civil Engineers - Engineering Sustainability","https://doi.org/10.1680/jensu.26.00042","Sustainability considerations are becoming increasingly important in geotechnical engineering, driven by climate legislation and sustainability goals. Life cycle assessment (LCA) and life cycle cost analysis (LCCA) are commonly applied to evaluate environmental impacts and life cycle costs (LCC) of geotechnical design alternatives. However, uncertainties exist in life cycle inventory parameters, and a structured framework for incorporating these uncertainties into LCA and LCCA when comparing geotechnical design alternatives is currently lack..."
"2026-10-06","global warming","Crossref/Revista da Anpoll","https://doi.org/10.18309/ranpoll.v57.2074","Neste artigo, realizo uma leitura crítica do Marco Referencial de Competências em Inteligência Artificial para Professores, publicado pela UNESCO em 2025. A análise articula as teorias da colonialidade (Quijano, 2000a; Mignolo, 2003), as políticas linguísticas críticas (Menken; García, 2010) e os estudos sobre necroalgoritmização (Araújo, 2025a). Argumento que o reconhecimento da agência docente e a defesa de usos éticos da IA conferem ao documento um caráter progressista, embora sua formulação permaneça vinculada à gramática da modernidade ..."
"2026-10-06","global warming","Crossref/Scientific Data","https://doi.org/10.1038/s41597-026-08366-x","AbstractAs we move towards a green energy future, comprehensive site characterisation data for energy storage is critical for modelling, policy and guiding investment decisions. In this work, we present a dataset of 518 sub-surface formations spread across 34 countries with an emphasis on the under-explored Global South. Criteria relating to geological suitability and techno-economic feasibility from a wide range of data sources are collected from existing literature in a unified dataset."
"2026-10-06","drought","Crossref/Scientific Reports","https://doi.org/10.1038/s41598-026-69707-9","Abstract Hydrological drought forecasting remains challenging due to non-linear propagation processes, temporal subsurface lags, and strong spatial heterogeneity across river basins. Conventional deep learning frameworks routinely train monolithic global networks across entire watersheds, which often induces parameter dilution and obscures localized recovery dynamics. To resolve these challenges, this study develops a novel, two-stage artificial intelligence framework that integrates density-based spatial risk regionalization with Gated Recu..."
"2026-10-06","drought","Crossref/Scientific Reports","https://doi.org/10.1038/s41598-026-74516-1",""
"2026-10-06","global warming","Crossref/Strategy & Leadership","https://doi.org/10.1108/sl-04-2026-0182","PurposeThis article examines the strategic and ethical implications of regulatory arbitrage in global markets. While firms expand into less regulated environments to increase flexibility and growth, these strategies raise questions about long-term sustainability and corporate responsibility. The purpose is to show that regulatory arbitrage is not only a source of competitive advantage but also a potential source of strategic exposure, as actions taken in one market increasingly shape stakeholder perceptions across others."
"2026-10-06","climate extremes","Crossref/Sustainability","https://doi.org/10.3390/su181910168","Phase-change material (PCM) glazing and dynamic external shading are promoted as sustainable cooling measures, yet they act on the same solar load and are rarely assessed together under a mandatory energy code. This study aims to evaluate and compare the individual and combined performance of PCM glazing and adaptive external louvres in reducing cooling demand in a code-compliant office building under present and future hot–arid climates. The reference case is an SBC 601-compliant west-facing Riyadh office under present and 2080 weather."
"2026-10-06","global warming","Crossref/Sustainable Development","https://doi.org/10.1002/sd.71751","ABSTRACTThis study introduces the ‘global forestation network’ (GFN)—an arrangement of actors that shape afforestation, reforestation, and forest restoration activities worldwide. These activities typically involve planting trees, and are motivated by supporting biodiversity, local communities, and climate change mitigation. At the GFN's core sit the ‘orchestrators’—the world's largest non‐governmental tree planting organisations—that collectively influence how forestation is financed and implemented."
"2026-10-06","climate extremes","Crossref/Teaching in Higher Education","https://doi.org/10.1080/13562517.2026.2741858",NA
"2026-10-06","global warming","Crossref/Tehnički glasnik","https://doi.org/10.31803/tg-20250502094727","The international economic interdependence and transnational organization of goods and services with global supply chains determine the economy, environment and working conditions in many countries around the world in numerous ways. The main risks in the supply chain are of an economic, ecological, political and ethical nature. The EU Supply Chain Act obliges companies to operate fairly and sustainably and to respect human rights and ecological protection in their supplier network."
"2026-10-06","global warming","Crossref/The Global Sixties","https://doi.org/10.1080/27708888.2026.2745377",""
"2026-10-06","global warming","Crossref/The International Journal of Interdisciplinary Global Studies","https://doi.org/10.18848/2324-755x/cgp/a177","Although globalization has created a platform where cultures meet, mix, and interact, the process of meaning-making as a byproduct of this mix have remained insufficiently theorized. In this dynamic, the interrelation of cultural hybridization, multiculturalism, and cosmopolitanism tends to pose advantages and disadvantages for individuals and communities who attempt to build organized identities and navigate cultural diversity. This study examines how social meanings, identities, values, and experiences are renegotiated in globalized societ..."
"2026-10-06","global warming","Crossref/The National Medical Journal of India","https://doi.org/10.25259/nmji_1368_2026",""
"2026-10-06","climate extremes","Crossref/Yüzüncü Yıl Üniversitesi Tarım Bilimleri Dergisi","https://doi.org/10.29133/yyutbd.1974534","Heat-treated organic amendments offer a sustainable approach to improving soil biological quality while reducing the sanitary risks associated with organic fertilizers. This study evaluated the effects of plant species, growing season, and heat-treated organic amendments on soil biological properties during two successive cultivation seasons of white cabbage (Brassica oleracea var. capitata f."
"2026-10-06","global warming","Crossref/Zoo Biology","https://doi.org/10.1002/zoo.70114","ABSTRACTSince giraffe feeding practices have only been reported for European and US facilities, this study aimed to achieve a comprehensive overview of the current giraffe feeding practices on a global scale, as well as provide insights into the occurrence of oral stereotypies. We conducted a survey among zoos that house giraffes throughout the world. A total of 146 zoos responded and data on 702 individual giraffes were reported."
"2026-10-06","global warming","Crossref/npj Emerging Contaminants","https://doi.org/10.1038/s44454-026-00066-w",""
